{
  "Back": "ظهر",
  "About": "عن",
  "Add something about post": "إضافة شيء حول المشاركة",
  "Ok": "موافق",
  "Submit": "إرسال",
  "Done": "منجز",
  "left": "يسار",
  "Ended": "انتهت",
  "ago": "قبل",
  "Current": "حالي",
  "Completed": "اكمال",
  "Winners": "الفائزون",
  "Winner": "كاسب",
  "Prize": "جائزة",
  "Selected": "المحدد",
  "You": "أنت",
  "Success": "نجاح",
  "Error": "خطأ",
  "Pending": "المعلقه",
  "Rejected": "نبيذ",
  "Withdrawal": "انسحاب",
  "Transaction history": "سجل المعاملات",
  "Earning": "كسب",
  "Withdraw": "سحب",
  "loading...": "تحميل...",
  "message": "رسالة",
  "New Message": "رسالة جديدة",
  "Reply": "أجاب",
  "Chats": "قطط",
  "Call log": "سجل المكالمات",
  "Contact info": "معلومات الاتصال",
  "Likes": "يحب",
  "Like": "مثل",
  "Off": "قباله",
  "Live": "عاش",
  "Live End": "نهاية حية",
  "From People | Follow": "من الناس | اتبع",
  "From Everyone": "من الجميع",
  "Write comment": "كتابة تعليق",
  "Comments": "التعليقات",
  "View all": "عرض الكل",
  "Allow comments": "السماح بالتعليقات",
  "New Comment": "تعليق جديد",
  "Top": "أعلى",
  "Trending": "تتجه",
  "Account": "حساب",
  "Hashtags": "الوسوم",
  "Locations": "مواقع",
  "Continue": "استمر",
  "Terms of use": "شروط الاستخدام",
  "No": "لا",
  "Yes": "نعم",
  "Next": "مقبل",
  "Please grant the required permission from settings to access this feature.": "يرجى منح الإذن المطلوب من الإعدادات للوصول إلى هذه الميزة.",
  "Please check your internet connection and try again.": "يرجى التحقق من اتصالك بالإنترنت والمحاولة مرة أخرى.",
  "No data found": "لم يتم العثور على بيانات",
  "Watch Ads": "مشاهدة الإعلانات",
  "By watching Ads, you get to earn coins_value Coin per advert you watch. Click the button to start earning! ": "من خلال مشاهدة الإعلانات ، يمكنك كسب عملة coins_value لكل إعلان تشاهده. انقر فوق الزر لبدء الكسب! ",
  "No product is available": "لا يوجد منتج متوفر",
  "Some error occurred while performing purchase, please try again later.": "حدثت بعض الأخطاء أثناء إجراء عملية الشراء، يرجى المحاولة مرة أخرى لاحقا.",
  "Store is not available.": "المتجر غير متوفر.",
  "Cancelled by user": "تم الإلغاء من قبل المستخدم",
  "Face ID": "بصمة الوجه",
  "Touch ID": "معرف اللمس",
  "By signing up, you are acknowledging that you have read, understood and accept our": "من خلال التسجيل ، فإنك تقر بأنك قرأت وفهمت وقبلت",
  "Terms of Service": "شروط الخدمة",
  "Welcome": "أهلًا وسهلًا",
  "Hi": "مرحبا",
  "Profile": "ملف تعريف",
  "Edit profile": "تعديل الملف الشخصي",
  "Profile updated": "تم تحديث الملف الشخصي",
  "Minimum withdrawal limit is 50$": "الحد الأدنى للسحب هو 50$",
  "Don’t have an Account ? ": "ليس لديك حساب؟ ",
  "Already have an Account ? ": "هل لديك حساب بالفعل؟ ",
  "Sign up": "التسجيل",
  "Create a new account": "إنشاء حساب جديد",
  "Create an account": "إنشاء حساب",
  "Sign in": "تسجيل الدخول",
  "Sign in to continue": "تسجيل الدخول للمتابعة",
  "User Name": "اسم المستخدم",
  "Change user name": "تغيير اسم المستخدم",
  "Email": "البريد الإلكتروني",
  "Email or username": "البريد الإلكتروني أو اسم المستخدم",
  "Login another account": "تسجيل الدخول إلى حساب آخر",
  "Your Email": "بريدك الإلكتروني",
  "Forgot Password?": "هل نسيت كلمة المرور؟",
  "Email or password is incorrect": "البريد الإلكتروني أو كلمة المرور غير صحيحة",
  "Please changed successfully": "يرجى التغيير بنجاح",
  "We have sent an OTP": "لقد أرسلنا كلمة مرور لمرة واحدة",
  "Enter OTP": "أدخل كلمة المرور لمرة واحدة (OTP)",
  "Wrong OTP, please enter the correct OTP": "كلمة مرور لمرة واحدة خاطئة، يرجى إدخال كلمة المرور لمرة واحدة (OTP) الصحيحة",
  "Resend OTP": "إعادة إرسال كلمة المرور لمرة واحدة",
  "Please enter the one time password sent to your email or phone number to verify your account and change your password": "يرجى إدخال كلمة المرور لمرة واحدة المرسلة إلى بريدك الإلكتروني أو رقم هاتفك للتحقق من حسابك وتغيير كلمة المرور الخاصة بك",
  "Let’s help you get back your account": "دعنا نساعدك في استعادة حسابك",
  "Login another account instead": "تسجيل الدخول إلى حساب آخر بدلا من ذلك",
  "Please enter the one time password sent to your phone number to verify your phone number": "يرجى إدخال كلمة المرور المرسلة لمرة واحدة إلى رقم هاتفك للتحقق من رقم هاتفك",
  "Let’s help you to change phone number": "دعنا نساعدك على تغيير رقم الهاتف",
  "Kindly fill in your email address": "يرجى ملء عنوان بريدك الإلكتروني",
  "If you didn’t receive code,": "If you didn’t receive code,",
  "Send": "ارسل",
  "Sent": "ارسال",
  "Failed": "فشل",
  "Forward": "أمامي",
  "Send OTP": "أرسل كلمة المرور لمرة واحدة (OTP)",
  "My Account": "حسابي",
  "OTP Verification": "التحقق من كلمة المرور لمرة واحدة",
  "Verify": "تثبت",
  "Enter email": "أدخل البريد الإلكتروني",
  "Enter phone number": "أدخل رقم الهاتف",
  "Please enter email": "الرجاء إدخال البريد الإلكتروني",
  "Please enter phone number": "الرجاء إدخال رقم الهاتف",
  "Please enter message": "الرجاء إدخال الرسالة",
  "Please enter country": "الرجاء إدخال البلد",
  "Please enter city": "الرجاء إدخال المدينة",
  "Please enter paypal id": "الرجاء إدخال معرف PayPal",
  "Payment detail is updated": "يتم تحديث تفاصيل الدفع",
  "Payment detail setup": "إعداد تفاصيل الدفع",
  "Payment detail": "تفاصيل الدفع",
  "Paypal Id": "معرف PayPal",
  "Country": "بلد",
  "City": "مدينة",
  "Ringing": "رنين",
  "Wallpaper": "ورق الجدران",
  "Wallpapers": "خلفيات",
  "Friends": "اصدقاء",
  "Share": "سهم",
  "Share Contacts": "مشاركة جهات الاتصال",
  "Please enter name": "الرجاء إدخال الاسم",
  "Please enter OTP": "الرجاء إدخال كلمة المرور لمرة واحدة (OTP)",
  "Coins": "القطع النقديه",


  "Total Coins": "مجموع العملات المعدنية",
  "Available balance to withdraw": "الرصيد المتاح للسحب",
  "Available coins": "العملات المعدنية المتوفرة",
  "Buy more coins": "شراء المزيد من العملات المعدنية",
  "Buy in": "اشتري في",
  "Coins added to your account": "العملات المضافة إلى حسابك",
  "Please enter password": "الرجاء إدخال كلمة المرور",
  "Please enter confirm password": "الرجاء إدخال تأكيد كلمة المرور",
  "Password does not matched": "كلمة المرور غير متطابقة",
  "Create an account to our top picks for you!": "قم بإنشاء حساب لأفضل خياراتنا من أجلك!",
  "Please enter user name": "الرجاء إدخال اسم المستخدم",
  "Please enter valid user name": "الرجاء إدخال اسم مستخدم صالح",
  "Enter new password": "أدخل كلمة مرور جديدة",
  "Enter confirm password": "أدخل تأكيد كلمة المرور",




  "Enter old password": "أدخل كلمة المرور القديمة",
  "Please enter category name": "الرجاء إدخال اسم الفئة",
  "Please enter slider name": "الرجاء إدخال اسم شريط التمرير",
  "Please enter color name": "الرجاء إدخال اسم اللون",
  "Please select color": "الرجاء اختيار اللون",
  "User name or password is wrong": "اسم المستخدم أو كلمة المرور خاطئة",
  "Please enter a valid phone number": "الرجاء إدخال رقم هاتف صحيح",
  "Home": "وطن",
  "Dashboard": "لوحه القياده",
  "Top suggested users": "أهم المستخدمين المقترحين",
  "Top users": "أفضل المستخدمين",
  "Joined users": "المستخدمون المنضمون",
  "OR": "أو",
  "and": "و",
  "Password": "شعار",


  "New Password": "كلمة السر الجديدة",
  "Confirm Password": "تأكيد كلمة المرور",
  "Categories": "فئات",
  "Category Name": "اسم الفئة",
  "Slider Name": "اسم شريط التمرير",
  "Home Sliders": "منزلق منزلي",
  "Request sent": "تم إرسال الطلب",
  "Such kind of messages are not allowed": "مثل هذا النوع من الرسائل غير مسموح به",
  "There is some problem, Please try again later": "هناك بعض المشاكل ، يرجى المحاولة مرة أخرى لاحقا",
  "Camera": "كاميرا",
  "Photo": "الصور",
  "Sent a Photo": "إرسال صورة",
  "Video": "فيديو",
  "Sent a Video": "إرسال فيديو",
  "Cancel": "إلغاء الأمر",
  "Photos": "الصور",


  "Media": "وسائط",
  "Export chat": "تصدير الدردشة",
  "Export chat with media": "تصدير الدردشة مع الوسائط",
  "Export chat without media": "تصدير الدردشة بدون وسائط",
  "Video lengths can not exceed 20 seconds": "لا يمكن أن تتجاوز أطوال الفيديو 20 ثانية",
  "Sticker": "ملصقا",
  "Sent a Sticker": "إرسال ملصق",
  "Gif": "صور متحركة",
  "Sent a Gif": "أرسلت صورة GIF",
  "Audio": "صوتي",
  "Sent an Audio": "إرسال صوت",


  "Contact": "الاتصال",
  "Sent a Contact": "إرسال جهة اتصال",
  "Gallery": "معرض",
  "Highlights": "يبرز",
  "Delete from highlight": "حذف من التمييز",
  "Delete story": "حذف القصة",
  "Delete": "حذف",
  "Delete chat": "حذف الدردشة",
  "Chat deleted": "تم حذف الدردشة",
  "Delete message for me": "حذف رسالة لي",
  "Delete message for all": "حذف رسالة للجميع",
  "Close": "غلق",
  "Delete Request": "حذف الطلب",
  "De-Activate Wallpaper": "إلغاء تنشيط ورق الحائط",
  "De-Activate Album": "إلغاء تنشيط الألبوم",
  "De-Activate Playlist": "إلغاء تنشيط قائمة التشغيل",



  "Mark as closed": "وضع علامة \"مغلق\"",
  "Add": "جمع",
  "Add photo": "إضافة صورة",
  "Take photo": "التقط صورة",
  "Choose from gallery": "اختر من معرض الصور",
  "Choose cover image": "اختر صورة الغلاف",
  "Enter highlight name": "أدخل اسم التمييز",
  "Create": "خلق",
  "Search": "بحث",
  "Search anything": "البحث في أي شيء",
  "Log Out": "تسجيل الخروج",



  "Change Password": "تغيير كلمة المرور",
  "Are you sure, you want to logout?": "هل أنت متأكد من أنك تريد تسجيل الخروج؟",
  "Enter address details": "أدخل تفاصيل العنوان",
  "Change Location": "تغيير الموقع",
  "Location": "مكان",
  "Sent a Location": "تم إرسال موقع",
  "Create new password": "إنشاء كلمة مرور جديدة",
  "Your new password must be  different from last password": "يجب أن تكون كلمة المرور الجديدة مختلفة عن كلمة المرور الأخيرة",
  "Old password": "كلمة المرور القديمة",
  "New password": "كلمة مرور جديدة",
  "Confirm password": "تأكيد كلمة المرور",
  "Password does not match": "كلمة المرور غير متطابقة",



  "Password changed": "تم تغيير كلمة المرور",
  "Password rules": "قواعد كلمة المرور",
  "Your password must be 8 or more characters long": "يجب أن تتكون كلمة المرور من 8 أحرف أو أكثر",
  "Reset password": "إعادة تعيين كلمة المرور",
  "Please enter ringtone name": "الرجاء إدخال اسم نغمة الرنين",
  "Please enter valid email address": "يرجى إدخال عنوان بريد إلكتروني صحيح",
  "Email Address": "عنوان البريد الإلكتروني",
  "Reset password link is sent to your email address": "يتم إرسال رابط إعادة تعيين كلمة المرور إلى عنوان بريدك الإلكتروني",
  "Reset password link will be sent to your email address": "سيتم إرسال رابط إعادة تعيين كلمة المرور إلى عنوان بريدك الإلكتروني",
  "Email does not exists": "البريد الإلكتروني غير موجود",
  "Joined": "معقود",
  "Join": "ينضم",



  "Fee": "رسوم",
  "User name is updated": "يتم تحديث اسم المستخدم",
  "Transactions": "المعاملات",
  "Phone number": "رقم الهاتف",
  "Change Phone number": "تغيير رقم الهاتف",
  "Update": "تحديث",
  "Go Premium": "الذهاب بريميوم",
  "Restore in app purchases": "الاستعادة في عمليات شراء التطبيقات",
  "About us": "من نحن",
  "Contact us": "اتصل بنا",
  "Privacy policy": "سياسة الخصوصية",
  "Earnings": "الارباح",
  "FAQ": "الأسئلة المتداولة",
  "Notifications": "الاخطارات",
  "Settings": "اعدادات",


  "Notification Settings": "إعدادات الإشعارات",
  "Turn off all": "إيقاف تشغيل الكل",
  "Save Contact": "حفظ جهة الاتصال",
  "Contact Saved": "تم حفظ جهة الاتصال",
  "Dark mode": "الوضع الداكن",
  "Change the appearance setting": "تغيير إعداد المظهر",
  "Settings Saved": "الإعدادات المحفوظة",
  "Support": "دعم",
  "Want to report this?": "هل تريد الإبلاغ عن ذلك؟",
  "Reported": "افادت",
  "Post is reported successfully": "تم الإبلاغ عن المنشور بنجاح",
  "User is reported successfully": "يتم الإبلاغ عن المستخدم بنجاح",
  "Story is reported successfully": "تم الإبلاغ عن القصة بنجاح",
  "User is blocked successfully": "تم حظر المستخدم بنجاح",



  "Report": "تقرير",
  "Block": "حجز",
  "Unblock": "الافراج عن",
  "Block User": "حظر المستخدم",
  "Blocked User": "المستخدم المحظور",
  "Manage Blocked User list": "إدارة قائمة المستخدمين المحظورين",
  "Replied": "اجاب",
  "Post to story": "النشر إلى القصة",
  "Share to": "شارك إلى",
  "Story": "تَمْثِيلِيَّة",
  "Sent a Story": "أرسلت قصة",
  "Follow": "اتبع",
  "Follow back": "متابعة مرة أخرى",
  "UnFollow": "إلغاء المتابعة",
  "New Follower": "متابع جديد",
  "Following": "التاليه",

  "Followers": "شوهد",
  "Posts": "الوظائف",
  "Post": "منصب",
  "Sent a Post": "إرسال منشور",
  "Mentions": "يذكر",
  "Packages": "الرزم",
  "Trending At Twitter": "الأكثر رواجا في تويتر",
  "Competition": "منافسة",
  "Disclaimer": "اخلاء المسؤوليه",
  "In Rewards": "في المكافآت",
  "Description": "وصف",
  "Example photos": "أمثلة على الصور",
  "Example videos": "أمثلة على مقاطع الفيديو",
  "Submitted photos": "الصور المقدمة",
  "View submission": "عرض التقديم",
  "Post Photo": "انشر الصورة",

  "Post Video": "نشر الفيديو",
  "WINNER ANNOUNCEMENT PENDING": "إعلان الفائز معلق",
  "VIEW WINNER": "عرض الفائز",
  "Check your coins and earn more coins": "تحقق من عملاتك المعدنية واكسب المزيد من العملات المعدنية",
  "Manage your photos and albums": "إدارة الصور والألبومات",
  "Your friends are nearby,  find them!": "أصدقائك في مكان قريب ، ابحث عنهم!",
  "Contact our support for quick fixes": "اتصل بدعمنا للحصول على إصلاحات سريعة",
  "Track your earnings": "تتبع أرباحك",
  "Tune your app settings": "ضبط إعدادات التطبيق",
  "Exit the app with this button": "اخرج من التطبيق باستخدام هذا الزر",
  "Frequently asked questions by customers": "الأسئلة المتداولة من قبل العملاء",
  "Support requests": "طلبات الدعم",
  "Create support requests": "إنشاء طلبات دعم",
  "Find Friends": "البحث عن أصدقاء",
  "Find": "وجد",
  "Just now": "الآن فقط",


  "months ago": "قبل أشهر",
  "month ago": "منذ شهر",
  "week ago": "قبل أسبوع",
  "Last week": "الأسبوع الماضي",
  "days ago": "منذ أيام",
  "day ago": "قبل يوم",
  "Yesterday": "أمس",
  "hours ago": "منذ ساعات",
  "hours": "الساعات",
  "An hour ago": "قبل ساعة",
  "minutes ago": "دقائق",
  "A minute ago": "قبل دقيقة",
  "seconds ago": "ثواني",
  "Few minutes": "بضع دقائق",
  "minutes": "محضر",
  "days": "أيام",


  "Outgoing Call...": "مكالمة صادرة...",
  "Incoming Call...": "مكالمة واردة...",
  "Outgoing": "الصادره",
  "Incoming": "الوارده",
  "Missed": "مفتقد",
  "Are you sure you want to end your call?": "هل أنت متأكد من أنك تريد إنهاء مكالمتك؟",
  "No cancel & return to call": "لا إلغاء والعودة إلى الاتصال",
  "Yes end call now": "نعم إنهاء المكالمة الآن",
  "Please wait for joining...": "يرجى الانتظار للانضمام...",
  "Video paused": "إيقاف الفيديو مؤقتا",
  "Reconnecting...": "اعاده...",
  "typing...": "كتابه...",
  "Post deleted": "تم حذف المشاركة",
  "No post updates found": "لم يتم العثور على تحديثات المشاركة",
  "Follow your friends to see their post updates": "اتبع أصدقائك لرؤية تحديثات منشوراتهم",
  "No user found": "لم يتم العثور على مستخدم",

  "No hashtag found": "لم يتم العثور على علامة تصنيف",
  "No photos found": "لم يتم العثور على صور",
  "Open in": "فتح في",


  "Group": "مجموعة",
  "Groups": "مجموعات",
  "Create Group": "إنشاء مجموعة",
  "Friends selected": "تم اختيار الأصدقاء",
  "Describe about group ": "وصف عن المجموعة",
  "Drawing ": "رسم",
  "User ": "المستعمل",
  "User deleted ": "تم حذف المستخدم",
  "View profile ": "View profile",
  "Skip ": "يتخطى",
  "Edit ": "يحرر",
  "Public ": "عام",
  "Private ": "خاص",
  "Privacy ": "خصوصية",
  "Name ": "اسم",
  "Hide ": "يخفي",
  "Choose Privacy ": "اختر الخصوصية",
  "Invite ": "يدعو",
  "Preview ": "معاينة",
  "See All ": "اظهار الكل",
  "Clubs ": "النوادي",
  "Suggested Clubs ": "نوادي مقترحة",
  "Clubs you might be interested in ": "النوادي التي قد تكون مهتمًا بها",
  "Create club ": "إنشاء النادي",
  "Club photo ": "صور النادي",
  "Club description ": "وصف النادي",
  "Club detail ": "تفاصيل النادي",
  "Create chat group ": "إنشاء مجموعة دردشة",
  "Participants ": "مشاركون",
  "Add Participants": "أضف مشاركين",
  "User detail ": "تفاصيل المستخدم",
  "Make admin ": "اجعل المشرف",
  "Remove from admins ": "إزالة من المسؤولين",
  "Remove from group ": "إزالة من المجموعة",
  "Group Settings ": "إعدادات المجموعة",
  "Send Messages ": "إعدادات المجموعة",
  "Edit Group Info ": "تحرير معلومات المجموعة",
  "All Participants ": "جميع المشاركين",
  "Only Admins ": "المسؤولون فقط",
  "Choose who can send message in group ": "اختر من يمكنه إرسال رسالة في المجموعة",
  "Choose who can edit group ": "اختر من يمكنه تعديل المجموعة",
  "Follow some user to start chat": "اتبع بعض المستخدمين لبدء الدردشة",
  "No chat found ": "لم يتم العثور على دردشة",
  "Make some audio/video call with friends": "قم بإجراء بعض المكالمات الصوتية / المرئية مع الأصدقاء",
  "No call found ": "لم يتم العثور على مكالمة",
  "No Story found": "لم يتم العثور على قصة",
  "Post some stories to create highlights": "انشر بعض القصص لإنشاء أبرز الأحداث",
  "No Notification found": "لم يتم العثور على إشعار",
  "Enter text here": "أدخل النص هنا",
  "Delete account?": "حذف الحساب؟",
  "Are you sure to delete account, Once account is deleted your all data will be deleted ": "هل أنت متأكد من حذف الحساب ، بمجرد حذف الحساب سيتم حذف جميع بياناتك",
  "Please allow access to camera and microphone to start live ": "يُرجى السماح بالوصول إلى الكاميرا والميكروفون لبدء البث المباشر",
  "Please allow access to camera and microphone to start video call ": "يُرجى السماح بالوصول إلى الكاميرا والميكروفون لبدء مكالمة الفيديو",
  "Please allow access to microphone to start audio call ": "يرجى السماح بالوصول إلى الميكروفون لبدء مكالمة صوتية",
  "Registered successfully, please login to continue ": "تم التسجيل بنجاح ، يرجى تسجيل الدخول للمتابعة",
  "Star": "نجمة",
  "UnStar": "أنستار",
  "Starred messages": "الرسائل المميزة بنجمة",
  "Suggested users": "الرسائل المميزة بنجمة",
  "Your Story": "قصتك",
  "Please enter title": "الرجاء إدخال العنوان",
  "Edit photo": "تعديل الصورة",
  "Sent a Drawing": "أرسل رسمًا",
  "Sent a Profile": "أرسل رسمًا",
  "Chat": "دردشة",
  "Online": "متصل",
  "Offline": "غير متصل على الانترنت",
  "Last seen ": "Last seen ",
  "App is locked": "اخر ظهور",
  "Face ID/Touch ID": "معرف الوجه / معرف اللمس",
  "Unlock app with Face ID": "افتح التطبيق باستخدام Face ID",
  "Unlock app with Touch ID": "افتح التطبيق باستخدام Touch ID",
  "Use Face ID": "استخدم Face ID",
  "Use Touch ID": "استخدم Touch ID",
  "Unlock you app with touch id / face id ": "افتح تطبيقك باستخدام معرف اللمس / معرف الوجه",
  "Please authenticate to use biometric login into app ": "يرجى المصادقة لاستخدام تسجيل الدخول البيومتري في التطبيق",
  "Please authenticate to remove biometric login into app ": "يرجى المصادقة لإزالة تسجيل الدخول البيومتري إلى التطبيق",
  "Delete Post": "حذف آخر",
  "Post is deleted successfully": "تم حذف المشاركة بنجاح",
  "Posting...": "نشر...",
  "Failed posting": "فشل النشر",
  "Retry": "أعد المحاولة",
  "Discard": "تجاهل",
  "Please enter group name": "الرجاء إدخال اسم المجموعة",
  "Please select some users to create group ": "الرجاء تحديد بعض المستخدمين لإنشاء المجموعة",
  "Group name": "أسم المجموعة",
  "Share the app with your friends": "شارك التطبيق مع أصدقائك",
  "Install this cool app": "قم بتثبيت هذا التطبيق الرائع",
  "Admin": "مسؤل",
  "Leave group": "غادر المجموعة",
  "Delete group": "غادر المجموعة",
  "Only admins can send message": "يمكن للمسؤولين فقط إرسال الرسائل",
  "is added to group": "يضاف إلى المجموعة",
  "is removed from group": "تمت إزالته من المجموعة",
  "is removed from admins": "تمت إزالته من المسؤولين",
  "left the group": "غادر المجموعة",
  "is now admin": "هو الآن مشرف",
  "Time to update app": "حان الوقت لتحديث التطبيق",
  "You are using older version of app, You need to update the app to continue ": "أنت تستخدم إصدارًا أقدم من التطبيق ، تحتاج إلى تحديث التطبيق للمتابعة"

}