{
  "Back": "Back",
  "About": "About",
  "Add something about post": "Add something about post",
  "Ok": "Ok",
  "Submit": "Submit",
  "Done": "Done",
  "left": "left",
  "Ended": "Ended",
  "ago": "ago",
  "Current": "Current",
  "Completed": "Completed",
  "Winners": "Winners",
  "Winner": "Winner",
  "Prize": "Prize",
  "Selected": "Selected",
  "You": "You",
  "Success": "Success",
  "Error": "Error",
  "Pending": "Pending",
  "Rejected": "Rejected",
  "Withdrawal": "Withdrawal",
  "Transaction history": "Transaction history",
  "Earning": "Earning",
  "Withdraw": "Withdraw",
  "loading...": "loading...",
  "message": "message",
  "New Message": "New Message",
  "Reply": "Reply",
  "Chats": "Chats",
  "Call log": "Call log",
  "Contact info": "Contact info",
  "Likes": "Likes",
  "Like": "Like",
  "Off": "Off",
  "Live": "Live",
  "Live End": "Live End",
  "From People | Follow": "From People | Follow",
  "From Everyone": "From Everyone",
  "Write comment": "Write comment",
  "Comments": "Comments",
  "View all": "View all",
  "Allow comments": "Allow comments",
  "New Comment": "New Comment",
  "Top": "Top",
  "Trending": "Trending",
  "Account": "Account",
  "Hashtags": "Hashtags",
  "Locations": "Locations",
  "Continue": "Continue",
  "Terms of use": "Terms of use",
  "No": "No",
  "Yes": "Yes",
  "Next": "Next",
  "Please grant the required permission from settings to access this feature.": "Please grant the required permission from settings to access this feature.",
  "Please check your internet connection and try again.": "Please check your internet connection and try again.",
  "No data found": "No data found",
  "Watch Ads": "Watch Ads",
  "By watching Ads, you get to earn coins_value Coin per advert you watch. Click the button to start earning! ": "By watching Ads, you get to earn coins_value Coin per advert you watch. Click the button to start earning! ",
  "No product is available": "No product is available",
  "Some error occurred while performing purchase, please try again later.": "Some error occurred while performing purchase, please try again later.",
  "Store is not available.": "Store is not available.",
  "Cancelled by user": "Cancelled by user",
  "Face ID": "Face ID",
  "Touch ID": "Touch ID",
  "By signing up, you are acknowledging that you have read, understood and accept our": "By signing up, you are acknowledging that you have read, understood and accept our",
  "Terms of Service": "Terms of Service",
  "Welcome": "Welcome",
  "Hi": "Hi",
  "Profile": "Profile",
  "Edit profile": "Edit profile",
  "Profile updated": "Profile updated",
  "Minimum withdrawal limit is 50$": "Minimum withdrawal limit is 50$",
  "Don’t have an Account ? ": "Don’t have an Account ? ",
  "Already have an Account ? ": "Already have an Account ? ",
  "Sign up": "Sign up",
  "Create a new account": "Create a new account",
  "Create an account": "Create an account",
  "Sign in": "Sign in",
  "Sign in to continue": "Sign in to continue",
  "User Name": "User Name",
  "Change user name": "Change user name",
  "Email": "Email",
  "Email or username": "Email or username",
  "Login another account": "Login another account",
  "Your Email": "Your Email",
  "Forgot Password?": "Forgot Password?",
  "Email or password is incorrect": "Email or password is incorrect",
  "Please changed successfully": "Please changed successfully",
  "We have sent an OTP": "We have sent an OTP",
  "Enter OTP": "Enter OTP",
  "Wrong OTP, please enter the correct OTP": "Wrong OTP, please enter the correct OTP",
  "Resend OTP": "Resend OTP",
  "Please enter the one time password sent to your email or phone number to verify your account and change your password": "Please enter the one time password sent to your email or phone number to verify your account and change your password",
  "Let’s help you get back your account": "Let’s help you get back your account",
  "Login another account instead": "Login another account instead",
  "Please enter the one time password sent to your phone number to verify your phone number": "Please enter the one time password sent to your phone number to verify your phone number",
  "Let’s help you to change phone number": "Let’s help you to change phone number",
  "Kindly fill in your email address": "Kindly fill in your email address",
  "If you didn’t receive code,": "If you didn’t receive code,",
  "Send": "Send",
  "Sent": "Sent",
  "Failed": "Failed",
  "Forward": "Forward",
  "Send OTP": "Send OTP",
  "My Account": "My Account",
  "OTP Verification": "OTP Verification",
  "Verify": "Verify",
  "Enter email": "Enter email",
  "Enter phone number": "Enter phone number",
  "Please enter email": "Please enter email",
  "Please enter phone number": "Please enter phone number",
  "Please enter message": "Please enter message",
  "Please enter country": "Please enter country",
  "Please enter city": "Please enter city",
  "Please enter paypal id": "Please enter paypal id",
  "Payment detail is updated": "Payment detail is updated",
  "Payment detail setup": "Payment detail setup",
  "Payment detail": "Payment detail",
  "Paypal Id": "Paypal Id",
  "Country": "Country",
  "City": "City",
  "Ringing": "Ringing",
  "Wallpaper": "Wallpaper",
  "Wallpapers": "Wallpapers",
  "Friends": "Friends",
  "Share": "Share",
  "Share Contacts": "Share Contacts",
  "Please enter name": "Please enter name",
  "Please enter OTP": "Please enter OTP",
  "Coins": "Coins",
  "Total Coins": "Total Coins",
  "Available balance to withdraw": "Available balance to withdraw",
  "Available coins": "Available coins",
  "Buy more coins": "Buy more coins",
  "Buy in": "Buy in",
  "Coins added to your account": "Coins added to your account",
  "Please enter password": "Please enter password",
  "Please enter confirm password": "Please enter confirm password",
  "Password does not matched": "Password does not matched",
  "Create an account to our top picks for you!": "Create an account to our top picks for you!",
  "Please enter user name": "Please enter user name",
  "Please enter valid user name": "Please enter valid user name",
  "Enter new password": "Enter new password",
  "Enter confirm password": "Enter confirm password",
  "Enter old password": "Enter old password",
  "Please enter category name": "Please enter category name",
  "Please enter slider name": "Please enter slider name",
  "Please enter color name": "Please enter color name",
  "Please select color": "Please select color",
  "User name or password is wrong": "User name or password is wrong",
  "Please enter a valid phone number": "Please enter a valid phone number",
  "Home": "Home",
  "Dashboard": "Dashboard",
  "Top suggested users": "Top suggested users",
  "Top users": "Top users",
  "Joined users": "Joined users",
  "OR": "OR",
  "and": "and",
  "Password": "Password",
  "New Password": "New Password",
  "Confirm Password": "Confirm Password",
  "Categories": "Categories",
  "Category Name": "Category Name",
  "Slider Name": "Slider Name",
  "Home Sliders": "Home Sliders",
  "Request sent": "Request sent",
  "Such kind of messages are not allowed": "Such kind of messages are not allowed",
  "There is some problem, Please try again later": "There is some problem, Please try again later",
  "Camera": "Camera",
  "Photo": "Photo",
  "Sent a Photo": "Sent a Photo",
  "Video": "Video",
  "Sent a Video": "Sent a Video",
  "Cancel": "Cancel",
  "Photos": "Photos",
  "Media": "Media",
  "Export chat": "Export chat",
  "Export chat with media": "Export chat with media",
  "Export chat without media": "Export chat without media",
  "Video lengths can not exceed 20 seconds": "Video lengths can not exceed 20 seconds",
  "Sticker": "Sticker",
  "Sent a Sticker": "Sent a Sticker",
  "Gif": "Gif",
  "Sent a Gif": "Sent a Gif",
  "Audio": "Audio",
  "Sent an Audio": "Sent an Audio",
  "Contact": "Contact",
  "Sent a Contact": "Sent a Contact",
  "Gallery": "Gallery",
  "Highlights": "Highlights",
  "Delete from highlight": "Delete from highlight",
  "Delete story": "Delete story",
  "Delete": "Delete",
  "Delete chat": "Delete chat",
  "Chat deleted": "Chat deleted",
  "Delete message for me": "Delete message for me",
  "Delete message for all": "Delete message for all",
  "Close": "Close",
  "Delete Request": "Delete Request",
  "De-Activate Wallpaper": "De-Activate Wallpaper",
  "De-Activate Album": "De-Activate Album",
  "De-Activate Playlist": "De-Activate Playlist",
  "Mark as closed": "Mark as closed",
  "Add": "Add",
  "Add photo": "Add photo",
  "Take photo": "Take photo",
  "Choose from gallery": "Choose from gallery",
  "Choose cover image": "Choose cover image",
  "Enter highlight name": "Enter highlight name",
  "Create": "Create",
  "Search": "Search",
  "Search anything": "Search anything",
  "Log Out": "Log Out",
  "Change Password": "Change Password",
  "Are you sure, you want to logout?": "Are you sure, you want to logout?",
  "Enter address details": "Enter address details",
  "Change Location": "Change Location",
  "Location": "Location",
  "Sent a Location": "Sent a Location",
  "Create new password": "Create new password",
  "Your new password must be  different from last password": "Your new password must be  different from last password",
  "Old password": "Old password",
  "New password": "New password",
  "Confirm password": "Confirm password",
  "Password does not match": "Password does not match",
  "Password changed": "Password changed",
  "Password rules": "Password rules",
  "Your password must be 8 or more characters long": "Your password must be 8 or more characters long",
  "Reset password": "Reset password",
  "Please enter ringtone name": "Please enter ringtone name",
  "Please enter valid email address": "Please enter valid email address",
  "Email Address": "Email Address",
  "Reset password link is sent to your email address": "Reset password link is sent to your email address",
  "Reset password link will be sent to your email address": "Reset password link will be sent to your email address",
  "Email does not exists": "Email does not exists",
  "Joined": "Joined",
  "Join": "Join",
  "Fee": "Fee",
  "User name is updated": "User name is updated",
  "Transactions": "Transactions",
  "Phone number": "Phone number",
  "Change Phone number": "Change Phone number",
  "Update": "Update",
  "Go Premium": "Go Premium",
  "Restore in app purchases": "Restore in app purchases",
  "About us": "About us",
  "Contact us": "Contact us",
  "Privacy policy": "Privacy policy",
  "Earnings": "Earnings",
  "FAQ": "FAQ",
  "Notifications": "Notifications",
  "Settings": "Settings",
  "Notification Settings": "Notification Settings",
  "Turn off all": "Turn off all",
  "Save Contact": "Save Contact",
  "Contact Saved": "Contact Saved",
  "Dark mode": "Dark mode",
  "Change the appearance setting": "Change the appearance setting",
  "Settings Saved": "Settings Saved",
  "Support": "Support",
  "Want to report this?": "Want to report this?",
  "Reported": "Reported",
  "Post is reported successfully": "Post is reported successfully",
  "User is reported successfully": "User is reported successfully",
  "Story is reported successfully": "Story is reported successfully",
  "User is blocked successfully": "User is blocked successfully",
  "Report": "Report",
  "Block": "Block",
  "Unblock": "Unblock",
  "Block User": "Block User",
  "Blocked User": "Blocked User",
  "Manage Blocked User list": "Manage Blocked User list",
  "Replied": "Replied",
  "Post to story": "Post to story",
  "Share to": "Share to",
  "Story": "Story",
  "Sent a Story": "Sent a Story",
  "Follow": "Follow",
  "Follow back": "Follow back",
  "UnFollow": "UnFollow",
  "New Follower": "New Follower",
  "Following": "Following",
  "Followers": "Followers",
  "Posts": "Posts",
  "Post": "Post",
  "Sent a Post": "Sent a Post",
  "Mentions": "Mentions",
  "Packages": "Packages",
  "Trending At Twitter": "Trending At Twitter",
  "Competition": "Competition",
  "Disclaimer": "Disclaimer",
  "In Rewards": "In Rewards",
  "Description": "Description",
  "Example photos": "Example photos",
  "Example videos": "Example videos",
  "Submitted photos": "Submitted photos",
  "View submission": "View submission",
  "Post Photo": "Post Photo",
  "Post Video": "Post Video",
  "WINNER ANNOUNCEMENT PENDING": "WINNER ANNOUNCEMENT PENDING",
  "VIEW WINNER": "VIEW WINNER",
  "Check your coins and earn more coins": "Check your coins and earn more coins",
  "Manage your photos and albums": "Manage your photos and albums",
  "Your friends are nearby,  find them!": "Your friends are nearby,  find them!",
  "Contact our support for quick fixes": "Contact our support for quick fixes",
  "Track your earnings": "Track your earnings",
  "Tune your app settings": "Tune your app settings",
  "Exit the app with this button": "Exit the app with this button",
  "Frequently asked questions by customers": "Frequently asked questions by customers",
  "Support requests": "Support requests",
  "Create support requests": "Create support requests",
  "Find Friends": "Find Friends",
  "Find": "Find",
  "Just now": "Just now",
  "months ago": "months ago",
  "month ago": "month ago",
  "week ago": "week ago",
  "Last week": "Last week",
  "days ago": "days ago",
  "day ago": "day ago",
  "Yesterday": "Yesterday",
  "hours ago": "hours ago",
  "hours": "hours",
  "An hour ago": "An hour ago",
  "minutes ago": "minutes ago",
  "A minute ago": "A minute ago",
  "seconds ago": "seconds ago",
  "Few minutes": "Few minutes",
  "minutes": "minutes",
  "days": "days",
  "Outgoing Call...": "Outgoing Call...",
  "Incoming Call...": "Incoming Call...",
  "Outgoing": "Outgoing",
  "Incoming": "Incoming",
  "Missed": "Missed",
  "Are you sure you want to end your call?": "Are you sure you want to end your call?",
  "No cancel & return to call": "No cancel & return to call",
  "Yes end call now": "Yes end call now",
  "Please wait for joining...": "Please wait for joining...",
  "Video paused": "Video paused",
  "Reconnecting...": "Reconnecting...",
  "typing...": "typing...",
  "Post deleted": "Post deleted",
  "No post updates found": "No post updates found",
  "Follow your friends to see their post updates": "Follow your friends to see their post updates",
  "No user found": "No user found",
  "No hashtag found": "No hashtag found",
  "No photos found": "No photos found",
  "Open in": "Open in",


  "Group": "Group",
  "Groups": "Groups",
  "Create Group": "Create Group",
  "Friends selected": "Friends selected",
  "Describe about group ": "Describe about group",
  "Drawing ": "Drawing",
  "User ": "User",
  "User deleted ": "User deleted ",
  "View profile ": "View profile",
  "Skip ": "Skip",
  "Edit ": "Edit",
  "Public ": "Public",
  "Private ": "Private",
  "Privacy ": "Privacy",
  "Name ": "Name",
  "Hide ": "Hide",
  "Choose Privacy ": "Choose Privacy",
  "Invite ": "Invite",
  "Preview ": "Preview",
  "See All ": "See All",
  "Clubs ": "Clubs",
  "Suggested Clubs ": "Suggested Clubs",
  "Clubs you might be interested in ": "Clubs you might be interested in",
  "Create club ": "Create club",
  "Club photo ": "Club photo",
  "Club description ": "Club description",
  "Club detail ": "Club detail",
  "Create chat group ": "Create chat group",
  "Participants ": "Participants",
  "Add Participants": "Add Participants",
  "User detail ": "User detail",
  "Make admin ": "Make admin",
  "Remove from admins ": "Remove from admins",
  "Remove from group ": "Remove from group",
  "Group Settings ": "Group Settings",
  "Send Messages ": "Send Messages",
  "Edit Group Info ": "Edit Group Info",
  "All Participants ": "All Participants",
  "Only Admins ": "Only Admins",
  "Choose who can send message in group ": "Choose who can send message in group",
  "Choose who can edit group ": "Choose who can edit group",
  "Follow some user to start chat": "Follow some user to start chat",
  "No chat found ": "No chat found",
  "Make some audio/video call with friends": "Make some audio/video call with friends",
  "No call found ": "No call found",
  "No Story found": "No Story found",
  "Post some stories to create highlights": "Post some stories to create highlights",
  "No Notification found": "No Notification found",
  "Enter text here": "Enter text here",
  "Delete account?": "Delete account?",
  "Are you sure to delete account, Once account is deleted your all data will be deleted ": "Are you sure to delete account, Once account is deleted your all data will be deleted",
  "Please allow access to camera and microphone to start live ": "Please allow access to camera and microphone to start live",
  "Please allow access to camera and microphone to start video call ": "Please allow access to camera and microphone to start video call",
  "Please allow access to microphone to start audio call ": "Please allow access to microphone to start audio call",
  "Registered successfully, please login to continue ": "Registered successfully, please login to continue",
  "Star": "Star",
  "UnStar": "UnStar",
  "Starred messages": "Starred messages",
  "Suggested users": "Suggested users",
  "Your Story": "Your Story",
  "Please enter title": "Please enter title",
  "Edit photo": "Edit photo",
  "Sent a Drawing": "Sent a Drawing",
  "Sent a Profile": "Sent a Profile",
  "Chat": "Chat",
  "Online": "Online",
  "Offline": "Offline",
  "Last seen ": "Last seen ",
  "App is locked": "App is locked",
  "Face ID/Touch ID": "Face ID/Touch ID",
  "Unlock app with Face ID": "Unlock app with Face ID",
  "Unlock app with Touch ID": "Unlock app with Touch ID",
  "Use Face ID": "Use Face ID",
  "Use Touch ID": "Use Touch ID",
  "Unlock you app with touch id / face id ": "Unlock you app with touch id / face id",
  "Please authenticate to use biometric login into app ": "Please authenticate to use biometric login into app",
  "Please authenticate to remove biometric login into app ": "Please authenticate to remove biometric login into app",
  "Delete Post": "Delete Post",
  "Post is deleted successfully": "Post is deleted successfully",
  "Posting...": "Posting...",
  "Failed posting": "Failed posting",
  "Retry": "Retry",
  "Discard": "Discard",
  "Please enter group name": "Please enter group name",
  "Please select some users to create group ": "Please select some users to create group",
  "Group name": "Group name",
  "Share the app with your friends": "Share the app with your friends",
  "Install this cool app": "Install this cool app",
  "Admin": "Admin",
  "Leave group": "Leave group",
  "Delete group": "Delete group",
  "Only admins can send message": "Only admins can send message",
  "is added to group": "is added to group",
  "is removed from group": "is removed from group",
  "is removed from admins": "is removed from admins",
  "left the group": "left the group",
  "is now admin": "is now admin",
  "Time to update app": "Time to update app",
  "You are using older version of app, You need to update the app to continue ": "You are using older version of app, You need to update the app to continue"
}
