{
  "Back": "Geri",
  "About": "Hakkında",
  "Add something about post": "Gönderi hakkında bir şeyler ekle",
  "Ok": "Tamam",
  "Submit": "Sunmak",
  "Done": "Yapıldı",
  "left": "Sol",
  "Ended": "Bitti",
  "ago": "önce",
  "Current": "Şimdiki",
  "Completed": "Tamamlandı",
  "Winners": "Kazananlar",
  "Winner": "Kazanan",
  "Prize": "Ödül",
  "Selected": "Seçildi",
  "You": "Sen",
  "Success": "Başarı",
  "Error": "Hata",
  "Pending": "İncelemede",
  "Rejected": "Reddedildi",
  "Withdrawal": "Para çekme",
  "Transaction history": "İşlem geçmişi",
  "Earning": "kazanç",
  "Withdraw": "Çekme",
  "loading...": "Yükleniyor...",
  "message": "mesaj",
  "New Message": "Yeni Mesaj",
  "Reply": "Cevapla",
  "Chats": "Sohbetler",
  "Call log": "Çağrı geçmişi",
  "Contact info": "İletişim bilgileri",
  "Likes": "Beğeniler",
  "Like": "Beğen",
  "Off": "Kapalı",
  "Live": "Canlı",
  "Live End": "Canlı Son",
  "From People | Follow": "İnsanları | Takip Et",
  "From Everyone": "Herkesten",
  "Write comment": "Yorum yaz",
  "Comments": "Yorumlar",
  "View all": "Hepsini gör",
  "Allow comments": "Yorumlara izin ver",
  "New Comment": "Yeni yorum",
  "Top": "Üst",
  "Trending": "Trendler",
  "Account": "Hesap",
  "Hashtags": "Hashtagler",
  "Locations": "Konumlar",
  "Continue": "Devam et",
  "Terms of use": "Kullanım Koşulları",
  "No": "Hayır",
  "Yes": "Evet",
  "Next": "Sonraki",
  "Please grant the required permission from settings to access this feature.": "Bu özelliğe erişmek için lütfen ayarlardan gerekli izni verin.",
  "Please check your internet connection and try again.": "Lütfen internet bağlantınızı kontrol edin ve tekrar deneyin.",
  "No data found": "Veri bulunamadı",
  "Watch Ads": "Reklam İzle",
  "Reklamları izleyerek, izlediğiniz reklam başına coin_value Coin kazanırsınız. Kazanmaya başlamak için düğmeye tıklayın! ": "Reklamları izleyerek, izlediğiniz reklam başına coin_value Coin kazanırsınız. Kazanmaya başlamak için düğmeye tıklayın! ",
  "No product is available": "Ürün mevcut değil",
  "Some error occurred while performing purchase, please try again later.": "Satın alma işlemi sırasında bir hata oluştu, lütfen daha sonra tekrar deneyin.",
  "Store is not available.": "Mağaza mevcut değil.",
  "Cancelled by user": "Kullanıcı tarafından iptal edildi",
  "Face ID": "Face ID",
  "Touch ID": "Touch ID",
  "By signing up, you are acknowledging that you have read, understood and accept our": "Kaydolarak, okuduğunuzu, anladığınızı ve kabul ettiğinizi kabul etmiş olursunuz.",
  "Terms of Service": "Kullanım Şartları",
  "Welcome": "Hoşgeldiniz",
  "Hi": "Merhaba",
  "Profile": "Profil",
  "Edit profile": "Profili düzenle",
  "Profile updated": "Profil güncellendi",
  "Minimum withdrawal limit is 50$": "Minimum para çekme limiti 50 ₺ 'dır",
  "Don’t have an Account ? ": "Hesabınız yok mu? ",
  "Already have an Account ? ": "Zaten bir Hesabınız var mı? ",
  "Sign up": "Kaydolmak",
  "Create a new account": "Yeni hesap oluştur",
  "Create an account": "Hesap oluştur",
  "Sign in": "Giriş yap",
  "Sign in to continue": "Devam etmek için oturum açın",
  "User Name": "Kullanıcı Adı",
  "Change user name": "Kullanıcı adını değiştir",
  "Email": "E-posta",
  "Email or username": "E-posta veya kullanıcı adı",
  "Login another account": "Başka bir hesaba giriş yap",
  "Your Email": "E-Postanız",
  "Forgot Password?": "Şifremi unuttum?",
  "Email or password is incorrect": "E-posta veya şifre yanlış",
  "Please changed successfully": "Lütfen başarıyla değiştirildi",
  "We have sent an OTP": "Bir OTP gönderdik",
  "Enter OTP": "OTP'yi girin",
  "Wrong OTP, please enter the correct OTP": "Yanlış OTP, lütfen doğru OTP'yi girin",
  "Resend OTP": "OTP'yi Yeniden Gönder",
  "Hesabınızı doğrulamak ve şifrenizi değiştirmek için lütfen e-postanıza veya telefon numaranıza gönderilen tek kullanımlık şifreyi giriniz.": "Hesabınızı doğrulamak ve şifrenizi değiştirmek için lütfen e-postanıza veya telefon numaranıza gönderilen tek kullanımlık şifreyi giriniz.",
  "Let’s help you get back your account": "Hesabınızı geri almanıza yardımcı olalım",
  "Login another account instead": "Bunun yerine başka bir hesaba giriş yapın",
  "Please enter the one time password sent to your phone number to verify your phone number": "Telefon numaranızı doğrulamak için lütfen telefon numaranıza gönderilen tek seferlik şifreyi girin",
  "Let’s help you to change phone number": "Telefon numarasını değiştirmenize yardımcı olalım",
  "Kindly fill in your email address": "Lütfen e-posta adresinizi doldurun",
  "If you didn’t receive code,": "Eğer kodu almadıysanız,",
  "Send": "Gönder",
  "Sent": "Gönderildi",
  "Failed": "Başarısız",
  "Forward": "İleri",
  "Send OTP": "OTP Gönder",
  "My Account": "Benim Hesabım",
  "OTP Verification": "OTP Doğrulama",
  "Verify": "Doğrulayın",
  "Enter email": "E-posta girin",
  "Enter phone number": "Telefon numarasını girin",
  "Please enter email": "Lütfen e-posta girin",
  "Please enter phone number": "Lütfen telefon numaranızı giriniz",
  "Please enter message": "Lütfen mesajınızı giriniz",
  "Please enter country": "Lütfen ülkeye girin",
  "Please enter city": "Lütfen şehir girin",
  "Please enter paypal id": "Lütfen paypal kimliğini girin",
  "Payment detail is updated": "Ödeme detayı güncellendi",
  "Payment detail setup": "Ödeme detay kurulumu",
  "Payment detail": "Ödeme detayı",
  "Paypal Id": "Paypal Kimliği",
  "Country": "Ülke",
  "City": "Şehir",
  "Ringing": "Zil",
  "Wallpaper": "Duvar kâğıdı",
  "Wallpapers": "Duvar kağıtları",
  "Friends": "Arkadaşlar",
  "Share": "Paylaş",
  "Share Contacts": "Kişileri Paylaş",
  "Please enter name": "Lütfen isim giriniz",
  "Please enter OTP": "Lütfen OTP girin",
  "Coins": "Coins",
  "Total Coins": "Toplam Coins",
  "Available balance to withdraw": "Çekilecek mevcut bakiye",
  "Available coins": "Mevcut Coins",
  "Buy more coins": "Daha fazla Coins satın al",
  "Buy in": "Satın al",
  "Coins added to your account": "Hesabınıza eklenen Coinsler",
  "Please enter password": "Lütfen şifre giriniz",
  "Please enter confirm password": "Lütfen şifreyi onayla",
  "Password does not matched": "Şifre eşleşmiyor",
  "Create an account to our top picks for you!": "Sizin için en iyi seçimlerimiz için bir hesap oluşturun!",
  "Please enter user name": "Lütfen kullanıcı adını girin",
  "Please enter valid user name": "Lütfen geçerli bir kullanıcı adı girin",
  "Enter new password": "Yeni şifre girin",
  "Enter confirm password": "Şifreyi onayla",
  "Enter old password": "Eski şifreyi girin",
  "Please enter category name": "Lütfen kategori adını girin",
  "Please enter slider name": "Lütfen kaydırıcı adını girin",
  "Please enter color name": "Lütfen renk adını girin",
  "Please select color": "Lütfen renk seçiniz",
  "User name or password is wrong": "Kullanıcı adı veya şifre yanlış",
  "Please enter a valid phone number": "Lütfen geçerli bir telefon numarası girin",
  "Home": "Ana Sayfa",
  "Dashboard": "Gösterge paneli",
  "Top suggested users": "En çok önerilen kullanıcılar",
  "Top users": "En iyi kullanıcılar",
  "Joined users": "Katılan kullanıcılar",
  "OR": "veya",
  "and": "ve",
  "Password": "Şifre",
  "New Password": "Yeni Şifre",
  "Confirm Password": "Şifreyi onayla",
  "Categories": "Kategoriler",
  "Category Name": "Kategori Adı",
  "Slider Name": "Kaydırıcı Adı",
  "Home Sliders": "Ana Sayfa Kaydırıcıları",
  "Request sent": "İstek gönderildi",
  "Such kind of messages are not allowed": "Bu tür mesajlara izin verilmez",
  "There is some problem, Please try again later": "Bir sorun var, lütfen daha sonra tekrar deneyin",
  "Camera": "Kamera",
  "Photo": "Fotoğraf",
  "Sent a Photo": "Fotoğraf Gönderdi",
  "Video": "Video",
  "Sent a Video": "Video Gönderdi",
  "Cancel": "İptal",
  "Photos": "Photos",
  "Media": "Medya",
  "Export chat": "Sohbeti dışa aktar",
  "Export chat with media": "Medya ile sohbeti dışa aktar",
  "Export chat without media": "Medya olmadan sohbeti dışa aktar",
  "Video lengths can not exceed 20 seconds": "Video uzunlukları 20 saniyeyi geçemez",
  "Sticker": "çıkartma",
  "Sent a Sticker": "Çıkartma gönderdi",
  "Gif": "Gif",
  "Sent a Gif": "Gif gönderdi",
  "Audio": "Ses",
  "Sent an Audio": "Ses Gönderildi",
  "Contact": "Kişi",
  "Sent a Contact": "Kişi Gönderildi",
  "Gallery": "Galeri",
  "Highlights": "Öne Çıkanlar",
  "Delete from highlight": "Öne Çıkanlar sil",
  "Delete story": "Hikayeyi sil",
  "Delete": "Sil",
  "Delete chat": "Sohbeti sil",
  "Chat deleted": "Sohbet silindi",
  "Delete message for me": "Benim için mesajı sil",
  "Delete message for all": "Herkes için mesajı sil",
  "Close": "Kapat",
  "Delete Request": "İsteği sil",
  "De-Activate Wallpaper": "Duvar Kağıdını Devre Dışı Bırak",
  "De-Activate Album": "Albümü Devre Dışı Bırak",
  "De-Activate Playlist": "Oynatma Listesini Devre Dışı Bırak",
  "Mark as closed": "Kapalı olarak işaretle",
  "Add": "Ekle",
  "Add photo": "Fotoğraf ekle",
  "Take photo": "Fotoğraf çek",
  "Choose from gallery": "Galeriden Seç",
  "Choose cover image": "Kapak resmi seçin",
  "Enter highlight name": "Öne Çıkan adını girin",
  "Create": "Oluştur",
  "Search": "Arama",
  "Search anything": "Bir şey ara",
  "Log Out": "Çıkış yap",
  "Change Password": "Şifre değiştir",
  "Are you sure, you want to logout?": "Çıkış yapmak istediğine emin misin?",
  "Enter address details": "Adres bilgilerini girin",
  "Change Location": "Konumu Değiştir",
  "Location": "Konum",
  "Sent a Location": "Konum Gönderildi",
  "Create new password": "Yeni şifre oluştur",
  "Your new password must be  different from last password": "Yeni şifreniz son şifrenizden farklı olmalıdır",
  "Old password": "Eski Şifre",
  "New password": "Yeni Şifre",
  "Confirm password": "Şifreyi Onayla",
  "Password does not match": "Şifre eşleşmiyor",
  "Password changed": "Şifre değiştirildi",
  "Password rules": "Şifre kuralları",
  "Your password must be 8 or more characters long": "Şifreniz 8 veya daha fazla karakter uzunluğunda olmalıdır",
  "Reset password": "Şifreyi sıfırla",
  "Please enter ringtone name": "Lütfen zil sesi adını girin",
  "Please enter valid email address": "Lütfen geçerli bir e-posta adresi girin",
  "Email Address": "E-posta Adresi",
  "Reset password link is sent to your email address": "Şifreyi sıfırla bağlantısı e-posta adresinize gönderilir",
  "Reset password link will be sent to your email address": "Şifreyi sıfırla bağlantısı e-posta adresinize gönderilecektir",
  "Email does not exists": "E-posta mevcut değil",
  "Joined": "Katıldı",
  "Join": "Katılmak",
  "Fee": "Ücret",
  "User name is updated": "Kullanıcı adı güncellendi",
  "Transactions": "İşlemler",
  "Phone number": "Telefon numarası",
  "Change Phone number": "Telefon numarasını değiştir",
  "Update": "Güncelle",
  "Go Premium": "Premium Git",
  "Restore in app purchases": "Uygulama içi satın alımları geri yükle",
  "About us": "Hakkımızda",
  "Contact us": "Bize Ulaşın",
  "Privacy policy": "Gizlilik Politikası",
  "Earnings": "Kazanç",
  "FAQ": "FAQ",
  "Notifications": "Bildirimler",
  "Settings": "Ayarlar",
  "Notification Settings": "Bildirim ayarları",
  "Turn off all": "Tümünü kapat",
  "Save Contact": "Kişiyi Kaydet",
  "Contact Saved": "Kişi Kaydedildi",
  "Dark mode": "Karanlık mod",
  "Change the appearance setting": "Görünüm ayarını değiştir",
  "Settings Saved": "Ayarlar Kaydedildi",
  "Support": "Destek",
  "Want to report this?": "Bunu bildirmek ister misin?",
  "Reported": "Rapor edildi",
  "Post is reported successfully": "Gönderi başarıyla raporlandı",
  "User is reported successfully": "Kullanıcı başarıyla raporlandı",
  "Story is reported successfully": "Hikaye başarıyla raporlandı",
  "User is blocked successfully": "Kullanıcı başarıyla engellendi",
  "Report": "Bildir",
  "Block": "Engelle",
  "Unblock": "Engeli Kaldır",
  "Block User": "Kullanıcıyı Engelle",
  "Blocked User": "Engellenen Kullanıcı",
  "Manage Blocked User list": "Engellenen Kullanıcı listesini yönet",
  "Replied": "Cevap verdi",
  "Post to story": "Hikayede yayınla",
  "Share to": "Paylaş",
  "Story": "Hikaye",
  "Sent a Story": "Bir Hikaye Gönderdi",
  "Follow": "Takip et",
  "Follow back": "Geri takip et",
  "UnFollow": "Takibi bırak",
  "New Follower": "Yeni Takipçi",
  "Following": "Takip",
  "Followers": "Takipçiler",
  "Posts": "Gönderiler",
  "Post": "Gönderi",
  "Sent a Post": "Gönderi Gönderildi",
  "Mentions": "Bahsetmeler",
  "Packages": "Paketler",
  "Trending At Twitter": "Twitter'da Trendler",
  "Competition": "Yarışma",
  "Disclaimer": "Feragatname",
  "In Rewards": "Ödüller",
  "Description": "Tanım",
  "Example photos": "Örnek fotoğraflar",
  "Example videos": "Örnek videolar",
  "Submitted photos": "Gönderilen fotoğraflar",
  "View submission": "Gönderimi görüntüle",
  "Post Photo": "Fotoğraf Gönder",
  "Post Video": "Video Gönder",
  "WINNER ANNOUNCEMENT PENDING": "KAZANAN DUYURUSU BEKLEMEDE",
  "VIEW WINNER": "KAZANANI GÖRÜNTÜLE",
  "Check your coins and earn more coins": "coinsinizi paralarınızı kontrol edin ve daha fazla para kazanın",
  "Manage your photos and albums": "Fotoğraflarınızı ve albümlerinizi yönetin",
  "Your friends are nearby,  find them!": "Arkadaşların yakında, onları bul!",
  "Contact our support for quick fixes": "Hızlı düzeltmeler için destek ekibimizle iletişime geçin",
  "Track your earnings": "Kazançlarınızı takip edin",
  "Tune your app settings": "Uygulama ayarlarınızı ayarlama",
  "Exit the app with this button": "Bu düğme ile uygulamadan çıkın",
  "Frequently asked questions by customers": "Kullanıcılar tarafından sıkça sorulan sorular",
  "Support requests": "Destek talepleri",
  "Create support requests": "Destek talepi oluşturma",
  "Find Friends": "Arkadaş Bul",
  "Find": "Bul",
  "Just now": "şimdi",
  "months ago": "aylar önce",
  "month ago": "ay önce",
  "week ago": "hafta önce",
  "Last week": "Geçen hafta",
  "days ago": "günler önce",
  "day ago": "gün önce",
  "Yesterday": "Dün",
  "hours ago": "saatler önce",
  "hours": "saat",
  "An hour ago": "Bir saat önce",
  "minutes ago": "dakika önce",
  "A minute ago": "Bir dakika önce",
  "seconds ago": "saniye önce",
  "Few minutes": "Birkaç dakika",
  "minutes": "dakikalar",
  "days": "günler",
  "Outgoing Call...": "Giden Arama...",
  "Incoming Call...": "Gelen Arama...",
  "Outgoing": "Giden",
  "Incoming": "Gelen",
  "Missed": "Eksik",
  "Are you sure you want to end your call?": "Aramanızı bitirmek istediğinizden emin misiniz?",
  "No cancel & return to call": "İptal & aramaya cevap veren yok",
  "Yes end call now": "Evet aramayı şimdi bitir",
  "Please wait for joining...": "Lütfen katılmak için bekleyin...",
  "Video paused": "Video duraklatıldı",
  "Reconnecting...": "Yeniden bağlanılıyor...",
  "typing...": "yazıyor...",
  "Post deleted": "Gönderi silindi",
  "No post updates found": "Gönderi güncellemesi bulunamadı",
  "Follow your friends to see their post updates": "Gönderi güncellemelerini görmek için arkadaşlarınızı takip edin",
  "No user found": "Kullanıcı bulunamadı",
  "No hashtag found": "Hashtag bulunamadı",
  "No photos found": "Fotoğraf bulunamadı",
  "Open in": "İçinde aç",



  "group": "Grup",
  "groups": "Gruplar",
  "createGroup": "Grup oluştur",
  "friendsSelected": "Arkadaşlar seçildi",
  "describeAboutGroup": "Grup hakkında açıklama",
  "drawing": "Çiz",
  "user": "kullanıcı",
  "userDeleted": "Kullanıcı silindi",
  "viewProfile": "Profili Görüntüle",
  "skip": "Atla",
  "edit": "Düzenle",
  "public": "herkese açık",
  "private": "Özel",
  "privacy": "Gizli",
  "name": "İsim",
  "hide": "Gizle",
  "choosePrivacy": "Gizliliği Seçin",
  "invite": "Davet et",
  "preview": "Önizleme",
  "seeAll": "Hepsini Gör",
  "clubs": "Kulüpler",
  "suggestedClubs": "Önerilen Kulüpler",
  "clubsYouMightInterested": "İlginizi çekebilecek kulüpler",
  "createClub": "Kulüp oluştur",
  "addClubCoverPhoto": "Kulüp fotoğrafı",
  "clubDescription": "Kulüp açıklaması",
  "clubDetail": "Kulüp detayı",
  "createChatGroup": "Sohbet grubu oluştur",
  "participants": "Katılımcılar",
  "addParticipants": "Katılımcı Ekle",
  "userDetail": "Kullanıcı detayı",
  "makeAdmin": "Yönetici yap",
  "removeFromGroup": "Gruptan kaldır",
  "groupSettings": "Grup Ayarları",
  "sendMessages": "Mesaj Gönder",
  "editGroupInfo": "Grup Bilgilerini Düzenle",
  "allParticipants": "Tüm Katılımcılar",
  "onlyAdmins": "Sadece Yöneticiler",
  "chooseWhoCanSendMessageInGroup": "Grupta kimin mesaj gönderebileceğini seçin",
  "chooseWhoCanEditGroup": "Grubu kimlerin düzenleyebileceğini seçin",
  "followSomeUserToChat": "Sohbeti başlatmak için bazı kullanıcıları takip edin",
  "noChatFound": "Sohbet bulunamadı",
  "makeSomeCalls": "Arkadaşlarınızla sesli / görüntülü görüşme yapın",
  "noCallFound": "Arama bulunamadı",
  "noStoryFound": "Hikaye bulunamadı",
  "postSomeStories": "Öne çıkanlar oluşturmak için bazı hikayeler yayınlayın",
  "noNotificationFound": "Bildirim bulunamadı",
  "enterTextHere": "Buraya metin girin",
  "deleteAccount": "Hesabı sil?",
  "areYouSureToDeleteAccount": "Hesabı silmek istediğinizden emin misiniz, Hesap silindiğinde tüm verileriniz silinecek",
  "pleaseAllowAccessToCameraForLive": "Canlı yayına başlamak için lütfen kamera ve mikrofon erişimine izin verin",
  "pleaseAllowAccessToCameraForVideoCall": "Görüntülü görüşme başlatmak için lütfen kamera ve mikrofon erişimine izin verin",
  "pleaseAllowAccessToMicrophoneForAudioCall": "Sesli aramayı başlatmak için lütfen mikrofon erişimine izin verin",
  "registeredSuccessFully": "Başarıyla kaydedildi, devam etmek için lütfen giriş yapın",
  "star": "Yıldız",
  "unStar": "Yıldızı Kaldır",
  "starredMessages": "Yıldızlı mesajlar",
  "suggestedUsers": "Önerilen kullanıcılar",
  "yourStory": "Senin Hikayen",
  "pleaseEnterTitle": "Lütfen başlık girin",
  "editProfilePicture": "Fotoğrafı düzenle",
  "sentADrawing": "Çizim Gönderildi",
  "sentAProfile": "Profil Gönderildi",
  "chat": "Sohbet",
  "online": "Çevrimiçi",
  "offline": "Çevrimdışı",
  "lastSeen": "Son görülme ",
  "appLocked": "Uygulama kilitli",
  "faceIdOrTouchId": "Face ID/Touch ID",
  "unlockAppWithFaceId": "Face ID ile uygulamanın kilidini aç",
  "unlockAppWithTouchId": "Touch ID ile uygulamanın kilidini aç",
  "useFaceId": "Face ID kullan",
  "useTouchId": "Touch ID Kullan",
  "unlockYourAppUsingBiometricLogin": "uygulamanızın kilidini açın touch id / face id",
  "pleaseAuthenticateToUseBiometric": "Uygulamaya biyometrik giriş yapmak için lütfen kimlik doğrulaması yapın",
  "pleaseAuthenticateToRemoveBiometric": "Uygulamaya biyometrik girişi kaldırmak için lütfen kimlik doğrulaması yapın",
  "deletePost": "Gönderiyi Sil",
  "postDeletedSuccessfully": "Gönderi başarıyla silindi"
}
