{
  "project_info": {
    "project_number": "787780064793",
    "firebase_url": "https://sayhi-7baeb-default-rtdb.firebaseio.com",
    "project_id": "sayhi-7baeb",
    "storage_bucket": "sayhi-7baeb.appspot.com"
  },
  "client": [
    {
      "client_info": {
        "mobilesdk_app_id": "1:787780064793:android:5a1f7eeb987f0f9ac33c88",
        "android_client_info": {
          "package_name": "com.jasspj.sayhi"
        }
      },
      "oauth_client": [
        {
          "client_id": "787780064793-u5uv6equan95fncr65s83afff07l5rbe.apps.googleusercontent.com",
          "client_type": 1,
          "android_info": {
            "package_name": "com.jasspj.sayhi",
            "certificate_hash": "327060e0433948e15bd452d5047b1b1208f045e3"
          }
        },
        {
          "client_id": "787780064793-25h8thipmiob3a0ffn0qeqk2uojbimr7.apps.googleusercontent.com",
          "client_type": 3
        }
      ],
      "api_key": [
        {
          "current_key": "AIzaSyAnGHpQx6GRdiz8WjRjmsGUWsvk0gtTMPw"
        }
      ],
      "services": {
        "appinvite_service": {
          "other_platform_oauth_client": [
            {
              "client_id": "787780064793-25h8thipmiob3a0ffn0qeqk2uojbimr7.apps.googleusercontent.com",
              "client_type": 3
            },
            {
              "client_id": "787780064793-nqjbtv3f2no80jm578dmnaefgtf0cnbp.apps.googleusercontent.com",
              "client_type": 2,
              "ios_info": {
                "bundle_id": "com.jasspj.sayhi"
              }
            }
          ]
        }
      }
    }
  ],
  "configuration_version": "1"
}