{"v":"5.5.8","fr":24,"ip":0,"op":22,"w":400,"h":400,"nm":"audio-play","ddd":0,"assets":[{"id":"comp_0","layers":[{"ddd":0,"ind":1,"ty":4,"nm":"形状图层 2","sr":1,"ks":{"o":{"a":0,"k":100,"ix":11},"r":{"a":0,"k":0,"ix":10},"p":{"a":0,"k":[124.39,335.838,0],"ix":2},"a":{"a":0,"k":[-131,137,0],"ix":1},"s":{"a":0,"k":[100,100,100],"ix":6}},"ao":0,"shapes":[{"ty":"gr","it":[{"ty":"rc","d":1,"s":{"a":0,"k":[40,280],"ix":2},"p":{"a":0,"k":[0,0],"ix":3},"r":{"a":0,"k":0,"ix":4},"nm":"矩形路径 1","mn":"ADBE Vector Shape - Rect","hd":false},{"ty":"rd","nm":"圆角 1","r":{"a":0,"k":20,"ix":1},"ix":2,"mn":"ADBE Vector Filter - RC","hd":false},{"ty":"fl","c":{"a":0,"k":[0.23137254902,0.494117647059,0.933333333333,1],"ix":4},"o":{"a":0,"k":100,"ix":5},"r":1,"bm":0,"nm":"填充 1","mn":"ADBE Vector Graphic - Fill","hd":false},{"ty":"gr","it":[{"ty":"rc","d":1,"s":{"a":0,"k":[40,280],"ix":2},"p":{"a":0,"k":[0,0],"ix":3},"r":{"a":0,"k":0,"ix":4},"nm":"矩形路径 1","mn":"ADBE Vector Shape - Rect","hd":false},{"ty":"rd","nm":"圆角 1","r":{"a":0,"k":20,"ix":1},"ix":2,"mn":"ADBE Vector Filter - RC","hd":false},{"ty":"fl","c":{"a":0,"k":[0.23137254902,0.494117647059,0.933333333333,1],"ix":4},"o":{"a":0,"k":100,"ix":5},"r":1,"bm":0,"nm":"填充 1","mn":"ADBE Vector Graphic - Fill","hd":false},{"ty":"tr","p":{"a":0,"k":[-4.129,46.208],"ix":2},"a":{"a":0,"k":[-2.141,47.77],"ix":1},"s":{"a":0,"k":[100,100],"ix":3},"r":{"a":0,"k":0,"ix":6},"o":{"a":0,"k":100,"ix":7},"sk":{"a":0,"k":0,"ix":4},"sa":{"a":0,"k":0,"ix":5},"nm":"变换"}],"nm":"矩形 1","np":4,"cix":2,"bm":0,"ix":5,"mn":"ADBE Vector Group","hd":false},{"ty":"tr","p":{"a":0,"k":[-134.129,44.208],"ix":2},"a":{"a":0,"k":[-2.141,47.77],"ix":1},"s":{"a":0,"k":[100,100],"ix":3},"r":{"a":0,"k":0,"ix":6},"o":{"a":0,"k":100,"ix":7},"sk":{"a":0,"k":0,"ix":4},"sa":{"a":0,"k":0,"ix":5},"nm":"变换"}],"nm":"矩形 1","np":5,"cix":2,"bm":0,"ix":1,"mn":"ADBE Vector Group","hd":false}],"ip":0,"op":120,"st":0,"bm":0}]}],"layers":[{"ddd":0,"ind":1,"ty":0,"nm":"1","refId":"comp_0","sr":1,"ks":{"o":{"a":0,"k":100,"ix":11},"r":{"a":0,"k":0,"ix":10},"p":{"a":0,"k":[164.5,180,0],"ix":2},"a":{"a":0,"k":[200,200,0],"ix":1},"s":{"a":0,"k":[100,100,100],"ix":6}},"ao":0,"hasMask":true,"masksProperties":[{"inv":false,"mode":"a","pt":{"a":1,"k":[{"i":{"x":0.667,"y":1},"o":{"x":0.333,"y":0},"t":0,"s":[{"i":[[11.046,0],[0,0],[0,-11.046],[0,0],[-11.046,0],[0,0],[0,11.046],[0,0]],"o":[[0,0],[-11.046,0],[0,0],[0,11.046],[0,0],[11.046,0],[0,0],[0,-11.046]],"v":[[124.258,248],[121,248],[101,268],[101,521.714],[121,541.714],[124.258,541.714],[144.258,521.714],[144.258,268]],"c":true}]},{"i":{"x":0.667,"y":1},"o":{"x":0.333,"y":0},"t":10,"s":[{"i":[[11.046,0],[0,0],[0,-11.046],[0,0],[-11.046,0],[0,0],[0,11.046],[0,0]],"o":[[0,0],[-11.046,0],[0,0],[0,11.046],[0,0],[11.046,0],[0,0],[0,-11.046]],"v":[[124.258,136.571],[121,136.571],[101,156.571],[101,410.286],[121,430.286],[124.258,430.286],[144.258,410.286],[144.258,156.571]],"c":true}]},{"t":21,"s":[{"i":[[11.046,0],[0,0],[0,-11.046],[0,0],[-11.046,0],[0,0],[0,11.046],[0,0]],"o":[[0,0],[-11.046,0],[0,0],[0,11.046],[0,0],[11.046,0],[0,0],[0,-11.046]],"v":[[124.258,248],[121,248],[101,268],[101,521.714],[121,541.714],[124.258,541.714],[144.258,521.714],[144.258,268]],"c":true}]}],"ix":1},"o":{"a":0,"k":100,"ix":3},"x":{"a":0,"k":0,"ix":4},"nm":"蒙版 1"}],"w":400,"h":400,"ip":0,"op":120,"st":0,"bm":0},{"ddd":0,"ind":2,"ty":0,"nm":"1","refId":"comp_0","sr":1,"ks":{"o":{"a":0,"k":100,"ix":11},"r":{"a":0,"k":0,"ix":10},"p":{"a":0,"k":[239.929,180,0],"ix":2},"a":{"a":0,"k":[200,200,0],"ix":1},"s":{"a":0,"k":[100,100,100],"ix":6}},"ao":0,"hasMask":true,"masksProperties":[{"inv":false,"mode":"a","pt":{"a":1,"k":[{"i":{"x":0.667,"y":1},"o":{"x":0.333,"y":0},"t":0,"s":[{"i":[[11.046,0],[0,0],[0,-11.046],[0,0],[-11.046,0],[0,0],[0,11.046],[0,0]],"o":[[0,0],[-11.046,0],[0,0],[0,11.046],[0,0],[11.046,0],[0,0],[0,-11.046]],"v":[[124.258,110.857],[121,110.857],[101,130.857],[101,384.571],[121,404.571],[124.258,404.571],[144.258,384.571],[144.258,130.857]],"c":true}]},{"i":{"x":0.667,"y":1},"o":{"x":0.333,"y":0},"t":10,"s":[{"i":[[11.046,0],[0,0],[0,-11.046],[0,0],[-11.046,0],[0,0],[0,11.046],[0,0]],"o":[[0,0],[-11.046,0],[0,0],[0,11.046],[0,0],[11.046,0],[0,0],[0,-11.046]],"v":[[124.258,250.857],[121,250.857],[101,270.857],[101,524.572],[121,544.572],[124.258,544.572],[144.258,524.572],[144.258,270.857]],"c":true}]},{"t":21,"s":[{"i":[[11.046,0],[0,0],[0,-11.046],[0,0],[-11.046,0],[0,0],[0,11.046],[0,0]],"o":[[0,0],[-11.046,0],[0,0],[0,11.046],[0,0],[11.046,0],[0,0],[0,-11.046]],"v":[[124.258,110.857],[121,110.857],[101,130.857],[101,384.571],[121,404.571],[124.258,404.571],[144.258,384.571],[144.258,130.857]],"c":true}]}],"ix":1},"o":{"a":0,"k":100,"ix":3},"x":{"a":0,"k":0,"ix":4},"nm":"蒙版 1"}],"w":400,"h":400,"ip":0,"op":120,"st":0,"bm":0},{"ddd":0,"ind":3,"ty":0,"nm":"1","refId":"comp_0","sr":1,"ks":{"o":{"a":0,"k":100,"ix":11},"r":{"a":0,"k":0,"ix":10},"p":{"a":0,"k":[315.429,180,0],"ix":2},"a":{"a":0,"k":[200,200,0],"ix":1},"s":{"a":0,"k":[100,100,100],"ix":6}},"ao":0,"hasMask":true,"masksProperties":[{"inv":false,"mode":"a","pt":{"a":1,"k":[{"i":{"x":0.667,"y":1},"o":{"x":0.333,"y":0},"t":0,"s":[{"i":[[11.046,0],[0,0],[0,-11.046],[0,0],[-11.046,0],[0,0],[0,11.046],[0,0]],"o":[[0,0],[-11.046,0],[0,0],[0,11.046],[0,0],[11.046,0],[0,0],[0,-11.046]],"v":[[124.258,225.143],[121,225.143],[101,245.143],[101,498.857],[121,518.857],[124.258,518.857],[144.258,498.857],[144.258,245.143]],"c":true}]},{"i":{"x":0.667,"y":1},"o":{"x":0.333,"y":0},"t":10,"s":[{"i":[[11.046,0],[0,0],[0,-11.046],[0,0],[-11.046,0],[0,0],[0,11.046],[0,0]],"o":[[0,0],[-11.046,0],[0,0],[0,11.046],[0,0],[11.046,0],[0,0],[0,-11.046]],"v":[[124.258,56.571],[121,56.571],[101,76.571],[101,330.286],[121,350.286],[124.258,350.286],[144.258,330.286],[144.258,76.571]],"c":true}]},{"t":21,"s":[{"i":[[11.046,0],[0,0],[0,-11.046],[0,0],[-11.046,0],[0,0],[0,11.046],[0,0]],"o":[[0,0],[-11.046,0],[0,0],[0,11.046],[0,0],[11.046,0],[0,0],[0,-11.046]],"v":[[124.258,225.143],[121,225.143],[101,245.143],[101,498.857],[121,518.857],[124.258,518.857],[144.258,498.857],[144.258,245.143]],"c":true}]}],"ix":1},"o":{"a":0,"k":100,"ix":3},"x":{"a":0,"k":0,"ix":4},"nm":"蒙版 1"}],"w":400,"h":400,"ip":0,"op":120,"st":0,"bm":0},{"ddd":0,"ind":4,"ty":0,"nm":"1","refId":"comp_0","sr":1,"ks":{"o":{"a":0,"k":100,"ix":11},"r":{"a":0,"k":0,"ix":10},"p":{"a":0,"k":[391,180,0],"ix":2},"a":{"a":0,"k":[200,200,0],"ix":1},"s":{"a":0,"k":[100,100,100],"ix":6}},"ao":0,"hasMask":true,"masksProperties":[{"inv":false,"mode":"a","pt":{"a":1,"k":[{"i":{"x":0.667,"y":1},"o":{"x":0.333,"y":0},"t":0,"s":[{"i":[[11.046,0],[0,0],[0,-11.046],[0,0],[-11.046,0],[0,0],[0,11.046],[0,0]],"o":[[0,0],[-11.046,0],[0,0],[0,11.046],[0,0],[11.046,0],[0,0],[0,-11.046]],"v":[[124.258,65.143],[121,65.143],[101,85.143],[101,338.857],[121,358.857],[124.258,358.857],[144.258,338.857],[144.258,85.143]],"c":true}]},{"i":{"x":0.667,"y":1},"o":{"x":0.333,"y":0},"t":10,"s":[{"i":[[11.046,0],[0,0],[0,-11.046],[0,0],[-11.046,0],[0,0],[0,11.046],[0,0]],"o":[[0,0],[-11.046,0],[0,0],[0,11.046],[0,0],[11.046,0],[0,0],[0,-11.046]],"v":[[124.258,228],[121,228],[101,248],[101,501.714],[121,521.714],[124.258,521.714],[144.258,501.714],[144.258,248]],"c":true}]},{"t":21,"s":[{"i":[[11.046,0],[0,0],[0,-11.046],[0,0],[-11.046,0],[0,0],[0,11.046],[0,0]],"o":[[0,0],[-11.046,0],[0,0],[0,11.046],[0,0],[11.046,0],[0,0],[0,-11.046]],"v":[[124.258,65.143],[121,65.143],[101,85.143],[101,338.857],[121,358.857],[124.258,358.857],[144.258,338.857],[144.258,85.143]],"c":true}]}],"ix":1},"o":{"a":0,"k":100,"ix":3},"x":{"a":0,"k":0,"ix":4},"nm":"蒙版 1"}],"w":400,"h":400,"ip":0,"op":120,"st":0,"bm":0}],"markers":[]}